close,high,low,open,symbol,timestamp,tradingDay,volume
269.715,270.5998,269.2079,270.0232,SPY,2018-11-01T09:30:00-04:00,2018-11-01,9480969
270.2518,270.5501,268.8102,269.6951,SPY,2018-11-01T10:00:00-04:00,2018-11-01,9870356
271.0372,271.2261,270.1524,270.2668,SPY,2018-11-01T10:30:00-04:00,2018-11-01,5749807
271.3057,271.4548,270.4606,271.0372,SPY,2018-11-01T11:00:00-04:00,2018-11-01,6368675
270.9378,271.4846,270.8285,271.3057,SPY,2018-11-01T11:30:00-04:00,2018-11-01,3591829
270.8683,271.3213,270.57,270.9428,SPY,2018-11-01T12:00:00-04:00,2018-11-01,3120260
271.4548,271.5045,270.739,270.8583,SPY,2018-11-01T12:30:00-04:00,2018-11-01,3154741
271.5741,271.6139,270.918,271.4449,SPY,2018-11-01T13:00:00-04:00,2018-11-01,3463834
271.2361,271.6735,271.0571,271.594,SPY,2018-11-01T13:30:00-04:00,2018-11-01,3994569
271.3952,271.5741,270.8483,271.2361,SPY,2018-11-01T14:00:00-04:00,2018-11-01,4124033
271.5443,271.6238,270.9975,271.3852,SPY,2018-11-01T14:30:00-04:00,2018-11-01,3259662
271.6636,271.7332,271.1839,271.5443,SPY,2018-11-01T15:00:00-04:00,2018-11-01,4292472
271.9221,272.1408,271.3554,271.6636,SPY,2018-11-01T15:30:00-04:00,2018-11-01,11211340
272.8169,273.6321,272.6177,273.1549,SPY,2018-11-02T09:30:00-04:00,2018-11-02,8343476
271.4349,272.8864,271.425,272.797,SPY,2018-11-02T10:00:00-04:00,2018-11-02,7702419
271.2858,271.6338,270.2121,271.4349,SPY,2018-11-02T10:30:00-04:00,2018-11-02,8783237
270.2618,271.3554,269.7746,271.2957,SPY,2018-11-02T11:00:00-04:00,2018-11-02,7740488
270.3611,270.6296,269.5857,270.2618,SPY,2018-11-02T11:30:00-04:00,2018-11-02,5092346
270.0828,270.5004,269.6354,270.3512,SPY,2018-11-02T12:00:00-04:00,2018-11-02,3784146
268.6387,270.1823,268.2137,270.063,SPY,2018-11-02T12:30:00-04:00,2018-11-02,6687109
269.2421,269.4962,268.0248,268.6263,SPY,2018-11-02T13:00:00-04:00,2018-11-02,6178168
269.3372,269.8042,268.9295,269.2477,SPY,2018-11-02T13:30:00-04:00,2018-11-02,4344339
270.5998,270.8881,268.4623,269.3471,SPY,2018-11-02T14:00:00-04:00,2018-11-02,6861799
269.9536,270.6396,269.5559,270.6097,SPY,2018-11-02T14:30:00-04:00,2018-11-02,9090847
270.1425,270.56,269.2378,269.9536,SPY,2018-11-02T15:00:00-04:00,2018-11-02,7256382
270.222,270.5203,269.6258,270.1425,SPY,2018-11-02T15:30:00-04:00,2018-11-02,10943879
270.56,271.3852,270.4904,270.8583,SPY,2018-11-05T09:30:00-05:00,2018-11-05,5955064
270.2021,270.6594,269.7746,270.5799,SPY,2018-11-05T10:00:00-05:00,2018-11-05,5029472
271.2858,271.3653,270.1922,270.2021,SPY,2018-11-05T10:30:00-05:00,2018-11-05,4311955
270.7688,271.4946,270.7589,271.2758,SPY,2018-11-05T11:00:00-05:00,2018-11-05,2841743
271.1765,271.2758,270.4805,270.7887,SPY,2018-11-05T11:30:00-05:00,2018-11-05,2247789
270.9478,271.2758,270.729,271.1763,SPY,2018-11-05T12:00:00-05:00,2018-11-05,1674549
270.7042,271.0273,270.4904,270.9378,SPY,2018-11-05T12:30:00-05:00,2018-11-05,2046710
270.8964,270.9975,270.5799,270.6992,SPY,2018-11-05T13:00:00-05:00,2018-11-05,2180566
271.2758,271.415,270.7986,270.8981,SPY,2018-11-05T13:30:00-05:00,2018-11-05,2084166
272.0464,272.0811,271.0571,271.2873,SPY,2018-11-05T14:00:00-05:00,2018-11-05,4807626
272.1607,272.4192,271.7829,272.0414,SPY,2018-11-05T14:30:00-05:00,2018-11-05,2959774
271.7233,272.3496,271.2957,272.1507,SPY,2018-11-05T15:00:00-05:00,2018-11-05,3826476
271.8425,272.0612,271.4449,271.7332,SPY,2018-11-05T15:30:00-05:00,2018-11-05,6387607
273.0057,273.2245,271.6636,271.7332,SPY,2018-11-06T09:30:00-05:00,2018-11-06,4881038
272.6876,273.0655,272.5782,272.9958,SPY,2018-11-06T10:00:00-05:00,2018-11-06,3123915
272.797,272.9541,272.27,272.6677,SPY,2018-11-06T10:30:00-05:00,2018-11-06,2370268
272.618,273.1648,272.4391,272.8069,SPY,2018-11-06T11:00:00-05:00,2018-11-06,2552869
272.797,272.9362,272.3297,272.628,SPY,2018-11-06T11:30:00-05:00,2018-11-06,2373310
272.9461,273.135,272.6578,272.8268,SPY,2018-11-06T12:00:00-05:00,2018-11-06,1958960
273.1151,273.3935,272.9063,272.956,SPY,2018-11-06T12:30:00-05:00,2018-11-06,2039115
273.0058,273.314,273.0057,273.1251,SPY,2018-11-06T13:00:00-05:00,2018-11-06,1585449
273.1251,273.2245,272.9312,273.0134,SPY,2018-11-06T13:30:00-05:00,2018-11-06,1197002
272.0314,273.1449,271.8823,273.1151,SPY,2018-11-06T14:00:00-05:00,2018-11-06,4323852
272.3694,272.5882,271.8624,272.0314,SPY,2018-11-06T14:30:00-05:00,2018-11-06,3460829
272.7771,272.9858,272.1507,272.3694,SPY,2018-11-06T15:00:00-05:00,2018-11-06,3172701
273.5128,273.7017,272.4092,272.787,SPY,2018-11-06T15:30:00-05:00,2018-11-06,11509463
275.7994,276.7837,275.7597,275.9485,SPY,2018-11-07T09:30:00-05:00,2018-11-07,9774477
276.3521,276.4258,275.4713,275.7896,SPY,2018-11-07T10:00:00-05:00,2018-11-07,5661281
276.9427,277.3007,276.3264,276.3462,SPY,2018-11-07T10:30:00-05:00,2018-11-07,6282208
276.8831,277.3404,276.7439,276.9427,SPY,2018-11-07T11:00:00-05:00,2018-11-07,3761204
277.758,277.8077,276.8831,276.8831,SPY,2018-11-07T11:30:00-05:00,2018-11-07,3878683
277.5095,277.8773,277.5095,277.7679,SPY,2018-11-07T12:00:00-05:00,2018-11-07,3295942
277.9071,278.0066,277.4697,277.5194,SPY,2018-11-07T12:30:00-05:00,2018-11-07,2415844
278.0165,278.1358,277.7978,277.9171,SPY,2018-11-07T13:00:00-05:00,2018-11-07,2551561
277.6188,278.106,277.3802,278.0165,SPY,2018-11-07T13:30:00-05:00,2018-11-07,2376763
278.3545,278.4241,277.589,277.6188,SPY,2018-11-07T14:00:00-05:00,2018-11-07,3954365
278.444,278.782,278.0662,278.3545,SPY,2018-11-07T14:30:00-05:00,2018-11-07,5450358
279.0156,279.0504,278.3843,278.444,SPY,2018-11-07T15:00:00-05:00,2018-11-07,4908490
279.2891,279.468,278.7124,279.0007,SPY,2018-11-07T15:30:00-05:00,2018-11-07,18151114
279.2692,279.3585,278.4524,278.4837,SPY,2018-11-08T09:30:00-05:00,2018-11-08,6604880
278.6726,279.3686,278.5136,279.2692,SPY,2018-11-08T10:00:00-05:00,2018-11-08,4203717
279.0902,279.1598,278.5931,278.6726,SPY,2018-11-08T10:30:00-05:00,2018-11-08,2806097
279.0504,279.3189,278.782,279.0902,SPY,2018-11-08T11:00:00-05:00,2018-11-08,2011238
279.3089,279.5078,279.0306,279.0504,SPY,2018-11-08T11:30:00-05:00,2018-11-08,2118359
279.2393,279.5873,279.1896,279.3089,SPY,2018-11-08T12:00:00-05:00,2018-11-08,1774542
279.0007,279.4381,278.9825,279.2294,SPY,2018-11-08T12:30:00-05:00,2018-11-08,1721146
278.5533,279.13,278.5533,279.0106,SPY,2018-11-08T13:00:00-05:00,2018-11-08,1647444
278.869,278.8976,278.4639,278.5434,SPY,2018-11-08T13:30:00-05:00,2018-11-08,2370242
278.3481,279.2891,278.1755,278.8715,SPY,2018-11-08T14:00:00-05:00,2018-11-08,5733540
278.2153,278.4316,277.5989,278.3446,SPY,2018-11-08T14:30:00-05:00,2018-11-08,5066545
278.0562,278.6329,277.8077,278.2153,SPY,2018-11-08T15:00:00-05:00,2018-11-08,4112397
278.8118,278.8118,277.7182,278.0662,SPY,2018-11-08T15:30:00-05:00,2018-11-08,8942447
276.8135,277.6188,276.4954,277.41,SPY,2018-11-09T09:30:00-05:00,2018-11-09,7213595
276.7325,277.0422,275.9187,276.8136,SPY,2018-11-09T10:00:00-05:00,2018-11-09,6495727
276.3462,276.9726,276.1375,276.734,SPY,2018-11-09T10:30:00-05:00,2018-11-09,4012430
276.4337,276.6942,275.8392,276.3562,SPY,2018-11-09T11:00:00-05:00,2018-11-09,3738662
275.531,276.6942,275.3719,276.4258,SPY,2018-11-09T11:30:00-05:00,2018-11-09,3924462
275.5509,275.9614,275.2029,275.531,SPY,2018-11-09T12:00:00-05:00,2018-11-09,4538932
275.6752,276.1474,275.4216,275.5609,SPY,2018-11-09T12:30:00-05:00,2018-11-09,3096859
275.5111,275.8342,275.2825,275.6801,SPY,2018-11-09T13:00:00-05:00,2018-11-09,3370865
275.1333,275.5112,274.9146,275.5111,SPY,2018-11-09T13:30:00-05:00,2018-11-09,3305949
274.7207,275.5012,274.5766,275.1234,SPY,2018-11-09T14:00:00-05:00,2018-11-09,3988370
275.9584,276.3761,274.7158,274.7207,SPY,2018-11-09T14:30:00-05:00,2018-11-09,5520619
276.6544,276.9378,275.7994,275.9535,SPY,2018-11-09T15:00:00-05:00,2018-11-09,6520676
276.217,277.2112,276.1971,276.6445,SPY,2018-11-09T15:30:00-05:00,2018-11-09,14546953
274.0099,275.8491,273.9502,275.5828,SPY,2018-11-12T09:30:00-05:00,2018-11-12,6812192
274.1689,274.338,273.5128,274.01,SPY,2018-11-12T10:00:00-05:00,2018-11-12,5506591
272.8964,274.1888,272.8268,274.1789,SPY,2018-11-12T10:30:00-05:00,2018-11-12,4967742
271.7481,272.9759,271.7232,272.8964,SPY,2018-11-12T11:00:00-05:00,2018-11-12,6021884
272.4887,272.5882,271.425,271.7431,SPY,2018-11-12T11:30:00-05:00,2018-11-12,6392085
272.628,273.0455,272.3794,272.4788,SPY,2018-11-12T12:00:00-05:00,2018-11-12,4157453
272.101,272.7771,272.101,272.628,SPY,2018-11-12T12:30:00-05:00,2018-11-12,2098712
272.111,272.3396,271.5741,272.101,SPY,2018-11-12T13:00:00-05:00,2018-11-12,3163847
272.3794,272.7715,271.425,272.111,SPY,2018-11-12T13:30:00-05:00,2018-11-12,4202794
272.5484,273.3438,272.2203,272.3694,SPY,2018-11-12T14:00:00-05:00,2018-11-12,4451804
272.0811,273.2145,272.0116,272.5469,SPY,2018-11-12T14:30:00-05:00,2018-11-12,4597579
272.1607,272.5683,271.3156,272.0811,SPY,2018-11-12T15:00:00-05:00,2018-11-12,7376411
270.908,272.1607,270.4109,272.1607,SPY,2018-11-12T15:30:00-05:00,2018-11-12,18617946
271.6934,272.5385,271.4548,271.5045,SPY,2018-11-13T09:30:00-05:00,2018-11-13,7892876
270.3811,272.2303,270.3413,271.6934,SPY,2018-11-13T10:00:00-05:00,2018-11-13,7743811
271.8227,271.932,270.1524,270.3811,SPY,2018-11-13T10:30:00-05:00,2018-11-13,8055080
272.9461,273.7266,271.6934,271.7928,SPY,2018-11-13T11:00:00-05:00,2018-11-13,7219269
272.6478,273.1648,272.4093,272.946,SPY,2018-11-13T11:30:00-05:00,2018-11-13,3555150
272.5981,273.0544,272.1209,272.6478,SPY,2018-11-13T12:00:00-05:00,2018-11-13,3242275
271.5343,272.628,271.3752,272.613,SPY,2018-11-13T12:30:00-05:00,2018-11-13,3539592
271.3156,271.9519,270.9578,271.5343,SPY,2018-11-13T13:00:00-05:00,2018-11-13,3288868
271.5045,272.27,271.2261,271.3256,SPY,2018-11-13T13:30:00-05:00,2018-11-13,3654887
270.6098,271.6487,269.8939,271.5045,SPY,2018-11-13T14:00:00-05:00,2018-11-13,5359281
270.4805,271.1267,269.8144,270.6197,SPY,2018-11-13T14:30:00-05:00,2018-11-13,4920428
270.3214,271.2957,269.7845,270.4904,SPY,2018-11-13T15:00:00-05:00,2018-11-13,6635035
270.4805,271.087,269.6752,270.3115,SPY,2018-11-13T15:30:00-05:00,2018-11-13,13224554
272.4589,273.0157,272.0116,272.5683,SPY,2018-11-14T09:30:00-05:00,2018-11-14,6532735
271.2659,272.4956,270.9577,272.4589,SPY,2018-11-14T10:00:00-05:00,2018-11-14,5395804
270.7489,271.6835,270.4706,271.2659,SPY,2018-11-14T10:30:00-05:00,2018-11-14,5420318
269.7547,270.7589,269.4763,270.7489,SPY,2018-11-14T11:00:00-05:00,2018-11-14,7566015
269.8044,269.884,268.7804,269.7549,SPY,2018-11-14T11:30:00-05:00,2018-11-14,7328097
269.9237,270.1027,268.7804,269.8044,SPY,2018-11-14T12:00:00-05:00,2018-11-14,5675606
268.6711,269.9237,268.4821,269.9237,SPY,2018-11-14T12:30:00-05:00,2018-11-14,5876040
268.7208,269.198,268.0547,268.6611,SPY,2018-11-14T13:00:00-05:00,2018-11-14,5527925
267.9453,268.8908,267.4383,268.7009,SPY,2018-11-14T13:30:00-05:00,2018-11-14,5572182
268.2436,269.0688,266.8914,267.9354,SPY,2018-11-14T14:00:00-05:00,2018-11-14,9690024
269.7845,269.9237,267.9105,268.2038,SPY,2018-11-14T14:30:00-05:00,2018-11-14,6659057
269.8641,270.56,269.4962,269.7845,SPY,2018-11-14T15:00:00-05:00,2018-11-14,8831751
268.5717,270.053,267.9652,269.8741,SPY,2018-11-14T15:30:00-05:00,2018-11-14,14952963
267.0306,268.1143,266.106,267.2195,SPY,2018-11-15T09:30:00-05:00,2018-11-15,10877232
266.6727,267.6768,266.5236,267.0505,SPY,2018-11-15T10:00:00-05:00,2018-11-15,7147143
266.971,267.299,265.46,266.6727,SPY,2018-11-15T10:30:00-05:00,2018-11-15,8596237
268.2932,268.5816,266.7523,266.961,SPY,2018-11-15T11:00:00-05:00,2018-11-15,6915315
268.8451,269.198,268.164,268.2883,SPY,2018-11-15T11:30:00-05:00,2018-11-15,6092832
268.9593,269.377,268.2535,268.849,SPY,2018-11-15T12:00:00-05:00,2018-11-15,4861575
268.1179,269.2974,267.9055,268.9594,SPY,2018-11-15T12:30:00-05:00,2018-11-15,3533530
270.2319,270.2618,267.4979,268.1143,SPY,2018-11-15T13:00:00-05:00,2018-11-15,8078976
270.8707,271.1267,269.9436,270.2418,SPY,2018-11-15T13:30:00-05:00,2018-11-15,8956308
271.425,271.5641,270.3811,270.8697,SPY,2018-11-15T14:00:00-05:00,2018-11-15,5548415
271.077,271.9519,270.8384,271.4349,SPY,2018-11-15T14:30:00-05:00,2018-11-15,5483375
270.1723,271.4548,269.4565,271.077,SPY,2018-11-15T15:00:00-05:00,2018-11-15,12849493
271.4548,271.5045,270.1425,270.1648,SPY,2018-11-15T15:30:00-05:00,2018-11-15,12237328
271.1367,271.2261,269.6354,270.2121,SPY,2018-11-16T09:30:00-05:00,2018-11-16,9988838
271.2758,271.6039,270.6871,271.1118,SPY,2018-11-16T10:00:00-05:00,2018-11-16,5647312
271.6437,272.3595,271.1864,271.2758,SPY,2018-11-16T10:30:00-05:00,2018-11-16,5405158
271.1864,271.8227,270.9478,271.6536,SPY,2018-11-16T11:00:00-05:00,2018-11-16,3317096
270.7699,271.4051,270.4706,271.1864,SPY,2018-11-16T11:30:00-05:00,2018-11-16,4318825
270.56,271.2957,270.4507,270.7787,SPY,2018-11-16T12:00:00-05:00,2018-11-16,3147206
272.2725,273.1549,270.2717,270.5611,SPY,2018-11-16T12:30:00-05:00,2018-11-16,10719879
271.4548,272.4242,271.2758,272.275,SPY,2018-11-16T13:00:00-05:00,2018-11-16,4794677
271.2758,271.5443,270.7688,271.4747,SPY,2018-11-16T13:30:00-05:00,2018-11-16,3108117
271.8028,272.0314,271.0969,271.2796,SPY,2018-11-16T14:00:00-05:00,2018-11-16,4320530
272.2402,272.3297,271.8127,271.8127,SPY,2018-11-16T14:30:00-05:00,2018-11-16,3629369
272.5186,272.797,272.0314,272.2402,SPY,2018-11-16T15:00:00-05:00,2018-11-16,5401490
272.0811,272.6975,271.8227,272.5087,SPY,2018-11-16T15:30:00-05:00,2018-11-16,14098246
270.9627,271.7928,270.5401,271.4647,SPY,2018-11-19T09:30:00-05:00,2018-11-19,5718804
269.7125,270.9676,269.3471,270.9478,SPY,2018-11-19T10:00:00-05:00,2018-11-19,5578647
270.0113,270.3015,268.9792,269.715,SPY,2018-11-19T10:30:00-05:00,2018-11-19,4833302
269.0389,270.2121,268.85,270.0082,SPY,2018-11-19T11:00:00-05:00,2018-11-19,3507970
267.9453,269.0986,267.5277,269.029,SPY,2018-11-19T11:30:00-05:00,2018-11-19,5711148
267.657,268.1342,267.0108,267.9403,SPY,2018-11-19T12:00:00-05:00,2018-11-19,6087872
267.9751,268.1938,265.1993,267.647,SPY,2018-11-19T12:30:00-05:00,2018-11-19,4223839
267.2891,268.0746,267.0207,267.9751,SPY,2018-11-19T13:00:00-05:00,2018-11-19,3124370
267.1499,268.1839,266.7423,267.2891,SPY,2018-11-19T13:30:00-05:00,2018-11-19,4437111
267.2593,267.4283,266.5137,267.1599,SPY,2018-11-19T14:00:00-05:00,2018-11-19,6377821
267.9005,268.0944,266.7821,267.2494,SPY,2018-11-19T14:30:00-05:00,2018-11-19,5651510
268.0248,268.681,267.4581,267.8906,SPY,2018-11-19T15:00:00-05:00,2018-11-19,5633022
267.5576,268.164,266.7523,268.0348,SPY,2018-11-19T15:30:00-05:00,2018-11-19,12290060
263.0837,264.5451,262.507,263.8194,SPY,2018-11-20T09:30:00-05:00,2018-11-20,16076795
263.4863,263.6205,261.7912,263.0739,SPY,2018-11-20T10:00:00-05:00,2018-11-20,12768115
265.0621,265.251,263.1632,263.4863,SPY,2018-11-20T10:30:00-05:00,2018-11-20,8627001
263.6205,265.2411,263.551,265.082,SPY,2018-11-20T11:00:00-05:00,2018-11-20,5932024
264.734,265.1218,263.2924,263.6152,SPY,2018-11-20T11:30:00-05:00,2018-11-20,5441526
264.6446,265.4499,263.8989,264.7241,SPY,2018-11-20T12:00:00-05:00,2018-11-20,5133367
263.6614,264.9329,263.5858,264.6347,SPY,2018-11-20T12:30:00-05:00,2018-11-20,3701421
263.0837,263.9685,262.7457,263.6603,SPY,2018-11-20T13:00:00-05:00,2018-11-20,4208092
262.8351,263.7896,262.8252,263.0737,SPY,2018-11-20T13:30:00-05:00,2018-11-20,4570167
262.6065,263.3521,262.2287,262.8401,SPY,2018-11-20T14:00:00-05:00,2018-11-20,6040216
262.6363,263.71,262.3778,262.6065,SPY,2018-11-20T14:30:00-05:00,2018-11-20,4735851
263.1846,263.4878,261.6222,262.6363,SPY,2018-11-20T15:00:00-05:00,2018-11-20,8733886
262.6661,263.5211,262.2684,263.1831,SPY,2018-11-20T15:30:00-05:00,2018-11-20,15701974
264.5551,264.744,263.5808,264.3165,SPY,2018-11-21T09:30:00-05:00,2018-11-21,7757781
264.9428,265.1019,264.1077,264.565,SPY,2018-11-21T10:00:00-05:00,2018-11-21,5016496
264.6247,265.0323,264.1077,264.9428,SPY,2018-11-21T10:30:00-05:00,2018-11-21,4190531
265.2411,265.599,264.3662,264.6296,SPY,2018-11-21T11:00:00-05:00,2018-11-21,4933552
265.2212,265.5791,265.0323,265.251,SPY,2018-11-21T11:30:00-05:00,2018-11-21,3159722
264.9329,265.3405,264.7142,265.2411,SPY,2018-11-21T12:00:00-05:00,2018-11-21,2239401
265.3008,265.3008,264.734,264.9329,SPY,2018-11-21T12:30:00-05:00,2018-11-21,1714261
265.0074,265.3803,264.7937,265.3008,SPY,2018-11-21T13:00:00-05:00,2018-11-21,1717400
265.0422,265.2709,264.9031,265.0025,SPY,2018-11-21T13:30:00-05:00,2018-11-21,1620357
265.0422,265.1616,264.7539,265.0422,SPY,2018-11-21T14:00:00-05:00,2018-11-21,1575529
264.7057,265.1516,264.6346,265.0522,SPY,2018-11-21T14:30:00-05:00,2018-11-21,2281549
264.3662,265.1616,264.3463,264.7042,SPY,2018-11-21T15:00:00-05:00,2018-11-21,3817674
263.541,264.3662,263.4714,264.3364,SPY,2018-11-21T15:30:00-05:00,2018-11-21,11686130
262.5766,262.8053,261.5427,261.652,SPY,2018-11-23T09:30:00-05:00,2018-11-23,5800770
262.0298,262.8749,261.9006,262.5667,SPY,2018-11-23T10:00:00-05:00,2018-11-23,3531097
262.6338,262.865,261.9404,262.0199,SPY,2018-11-23T10:30:00-05:00,2018-11-23,2826519
262.9346,263.2859,262.5866,262.6363,SPY,2018-11-23T11:00:00-05:00,2018-11-23,2591922
262.2237,263.0141,262.1591,262.9349,SPY,2018-11-23T11:30:00-05:00,2018-11-23,3093942
262.4772,262.6761,261.9901,262.2088,SPY,2018-11-23T12:00:00-05:00,2018-11-23,3113578
261.831,262.7655,261.7117,262.4673,SPY,2018-11-23T12:30:00-05:00,2018-11-23,8047763
261.7216,261.8708,261.7216,261.8409,SPY,2018-11-23T13:00:00-05:00,2018-11-23,1241455
261.7216,261.7216,261.7216,261.7216,SPY,2018-11-23T15:30:00-05:00,2018-11-23,0
265.6089,265.6189,264.0978,264.2369,SPY,2018-11-26T09:30:00-05:00,2018-11-26,7631046
265.1715,265.6935,264.9329,265.6288,SPY,2018-11-26T10:00:00-05:00,2018-11-26,4619474
265.502,265.599,264.7639,265.1815,SPY,2018-11-26T10:30:00-05:00,2018-11-26,5542672
265.1316,265.5493,265.0224,265.5095,SPY,2018-11-26T11:00:00-05:00,2018-11-26,3535291
264.8533,265.1168,264.3762,265.1118,SPY,2018-11-26T11:30:00-05:00,2018-11-26,3912679
264.4955,265.251,264.3662,264.8533,SPY,2018-11-26T12:00:00-05:00,2018-11-26,2982771
264.2966,264.4855,263.7995,264.4855,SPY,2018-11-26T12:30:00-05:00,2018-11-26,3095113
264.5153,264.7241,263.9984,264.2867,SPY,2018-11-26T13:00:00-05:00,2018-11-26,2367780
265.1019,265.1616,264.3563,264.5253,SPY,2018-11-26T13:30:00-05:00,2018-11-26,2246591
265.4429,265.5592,264.9428,265.092,SPY,2018-11-26T14:00:00-05:00,2018-11-26,2613578
265.8177,265.9171,265.2411,265.4399,SPY,2018-11-26T14:30:00-05:00,2018-11-26,3181419
265.471,266.1955,265.3604,265.8162,SPY,2018-11-26T15:00:00-05:00,2018-11-26,3598446
265.9072,265.9967,265.4698,265.4797,SPY,2018-11-26T15:30:00-05:00,2018-11-26,10245671
265.0522,265.3704,264.1176,264.7937,SPY,2018-11-27T09:30:00-05:00,2018-11-27,6569993
265.4698,266.1756,264.6048,265.0522,SPY,2018-11-27T10:00:00-05:00,2018-11-27,5219452
265.9185,266.3148,264.9926,265.4598,SPY,2018-11-27T10:30:00-05:00,2018-11-27,3594266
265.9271,266.4739,265.6388,265.9171,SPY,2018-11-27T11:00:00-05:00,2018-11-27,5476603
266.0762,266.2452,265.4698,265.9171,SPY,2018-11-27T11:30:00-05:00,2018-11-27,3414396
265.2013,266.1557,265.1019,266.0862,SPY,2018-11-27T12:00:00-05:00,2018-11-27,2396972
265.2865,265.7879,264.9528,265.1975,SPY,2018-11-27T12:30:00-05:00,2018-11-27,3217080
265.5431,266.0464,264.9826,265.2823,SPY,2018-11-27T13:00:00-05:00,2018-11-27,4815392
266.1657,266.1657,265.5393,265.5493,SPY,2018-11-27T13:30:00-05:00,2018-11-27,3459694
266.3731,266.5435,266.0414,266.1657,SPY,2018-11-27T14:00:00-05:00,2018-11-27,2419847
266.2303,266.623,266.2055,266.3745,SPY,2018-11-27T14:30:00-05:00,2018-11-27,2899820
266.2383,266.4639,265.9768,266.2253,SPY,2018-11-27T15:00:00-05:00,2018-11-27,3547657
266.7821,266.8119,265.9967,266.2368,SPY,2018-11-27T15:30:00-05:00,2018-11-27,9189535
267.7763,268.343,267.6172,268.0348,SPY,2018-11-28T09:30:00-05:00,2018-11-28,6569087
267.2394,268.0894,267.1797,267.7663,SPY,2018-11-28T10:00:00-05:00,2018-11-28,4765537
267.4482,267.5874,266.971,267.2295,SPY,2018-11-28T10:30:00-05:00,2018-11-28,4364302
267.7862,267.9354,267.3985,267.4482,SPY,2018-11-28T11:00:00-05:00,2018-11-28,3422148
268.0746,268.1839,267.6073,267.7912,SPY,2018-11-28T11:30:00-05:00,2018-11-28,5868630
270.7688,270.9676,268.0447,268.0696,SPY,2018-11-28T12:00:00-05:00,2018-11-28,17013226
270.7489,271.246,270.4408,270.7688,SPY,2018-11-28T12:30:00-05:00,2018-11-28,7799315
271.077,271.1367,270.2717,270.7589,SPY,2018-11-28T13:00:00-05:00,2018-11-28,6065234
271.7133,271.9022,270.9875,271.067,SPY,2018-11-28T13:30:00-05:00,2018-11-28,7993002
271.5741,271.9917,271.3057,271.7133,SPY,2018-11-28T14:00:00-05:00,2018-11-28,5814300
271.2261,271.7729,271.1864,271.5741,SPY,2018-11-28T14:30:00-05:00,2018-11-28,4246368
271.8923,271.9618,270.965,271.2361,SPY,2018-11-28T15:00:00-05:00,2018-11-28,4309470
272.8964,272.956,271.6636,271.8923,SPY,2018-11-28T15:30:00-05:00,2018-11-28,17584104
272.0513,272.4291,271.8723,272.1209,SPY,2018-11-29T09:30:00-05:00,2018-11-29,5563254
271.4647,272.2303,271.4449,272.0414,SPY,2018-11-29T10:00:00-05:00,2018-11-29,4136703
271.2063,272.5285,270.8483,271.4747,SPY,2018-11-29T10:30:00-05:00,2018-11-29,8588198
271.9022,271.9221,270.9875,271.2063,SPY,2018-11-29T11:00:00-05:00,2018-11-29,6363606
272.3297,272.4092,271.6039,271.9022,SPY,2018-11-29T11:30:00-05:00,2018-11-29,4813475
272.2601,272.3496,271.8227,272.3297,SPY,2018-11-29T12:00:00-05:00,2018-11-29,2750186
272.6677,272.7259,272.2104,272.2502,SPY,2018-11-29T12:30:00-05:00,2018-11-29,2188520
272.449,272.6975,272.2303,272.6677,SPY,2018-11-29T13:00:00-05:00,2018-11-29,2275761
272.5583,272.8566,272.3198,272.445,SPY,2018-11-29T13:30:00-05:00,2018-11-29,2079749
273.2444,273.4531,272.3297,272.5782,SPY,2018-11-29T14:00:00-05:00,2018-11-29,5375577
273.8906,273.9403,273.135,273.2344,SPY,2018-11-29T14:30:00-05:00,2018-11-29,3579812
273.4272,273.9502,273.1946,273.8906,SPY,2018-11-29T15:00:00-05:00,2018-11-29,4275956
272.3694,273.4233,272.2402,273.4233,SPY,2018-11-29T15:30:00-05:00,2018-11-29,12184740
272.5882,272.6667,271.8624,272.2203,SPY,2018-11-30T09:30:00-05:00,2018-11-30,4713046
272.628,272.8467,272.3496,272.5981,SPY,2018-11-30T10:00:00-05:00,2018-11-30,3251920
272.8765,273.3835,272.6478,272.6514,SPY,2018-11-30T10:30:00-05:00,2018-11-30,3522661
272.4192,272.956,272.2601,272.8665,SPY,2018-11-30T11:00:00-05:00,2018-11-30,3316655
272.9312,273.0952,272.1408,272.4092,SPY,2018-11-30T11:30:00-05:00,2018-11-30,3293106
272.6329,272.9958,272.5683,272.9362,SPY,2018-11-30T12:00:00-05:00,2018-11-30,1964561
272.4788,272.8566,272.4589,272.6329,SPY,2018-11-30T12:30:00-05:00,2018-11-30,1822043
272.7473,272.797,272.2601,272.4887,SPY,2018-11-30T13:00:00-05:00,2018-11-30,2084863
273.5923,273.7315,272.4589,272.7473,SPY,2018-11-30T13:30:00-05:00,2018-11-30,5445745
273.6322,273.7862,273.3636,273.5923,SPY,2018-11-30T14:00:00-05:00,2018-11-30,3688910
273.6718,273.9005,273.4631,273.642,SPY,2018-11-30T14:30:00-05:00,2018-11-30,4394911
274.2883,274.4533,273.5973,273.6669,SPY,2018-11-30T15:00:00-05:00,2018-11-30,5330333
274.159,274.676,273.8309,274.2833,SPY,2018-11-30T15:30:00-05:00,2018-11-30,16140079
277.3007,278.7721,277.0124,278.6528,SPY,2018-12-03T09:30:00-05:00,2018-12-03,10113115
277.9469,278.1358,277.0521,277.3206,SPY,2018-12-03T10:00:00-05:00,2018-12-03,8153820
276.555,277.9878,276.4158,277.9469,SPY,2018-12-03T10:30:00-05:00,2018-12-03,6396851
276.6843,277.082,276.1673,276.555,SPY,2018-12-03T11:00:00-05:00,2018-12-03,6075357
276.0679,276.9726,275.8939,276.6843,SPY,2018-12-03T11:30:00-05:00,2018-12-03,4761816
276.9427,276.9427,276.0579,276.0778,SPY,2018-12-03T12:00:00-05:00,2018-12-03,3452732
276.8906,277.4001,276.6147,276.9229,SPY,2018-12-03T12:30:00-05:00,2018-12-03,2717590
277.42,277.5989,276.8892,276.8892,SPY,2018-12-03T13:00:00-05:00,2018-12-03,4079986
276.6754,277.41,276.3761,277.41,SPY,2018-12-03T13:30:00-05:00,2018-12-03,3854313
277.1118,277.241,276.038,276.6843,SPY,2018-12-03T14:00:00-05:00,2018-12-03,5185914
276.9869,277.3007,276.7538,277.1197,SPY,2018-12-03T14:30:00-05:00,2018-12-03,3706227
277.5293,277.7381,276.6147,276.9825,SPY,2018-12-03T15:00:00-05:00,2018-12-03,6560724
277.5989,277.8451,276.9825,277.5393,SPY,2018-12-03T15:30:00-05:00,2018-12-03,12527627
276.1375,277.2311,275.7298,276.7538,SPY,2018-12-04T09:30:00-05:00,2018-12-04,7749409
275.9585,276.3661,275.4813,276.1474,SPY,2018-12-04T10:00:00-05:00,2018-12-04,6195138
275.6205,276.1971,275.5609,275.9784,SPY,2018-12-04T10:30:00-05:00,2018-12-04,3838097
275.4415,275.9883,275.2327,275.6304,SPY,2018-12-04T11:00:00-05:00,2018-12-04,5172784
274.845,275.6105,274.8052,275.4415,SPY,2018-12-04T11:30:00-05:00,2018-12-04,4110112
271.7034,274.8421,271.6984,274.8421,SPY,2018-12-04T12:00:00-05:00,2018-12-04,16190614
271.4051,272.1607,270.6694,271.7083,SPY,2018-12-04T12:30:00-05:00,2018-12-04,14828424
270.0928,271.6437,269.546,271.3752,SPY,2018-12-04T13:00:00-05:00,2018-12-04,9766167
270.6594,270.9676,268.8102,270.0828,SPY,2018-12-04T13:30:00-05:00,2018-12-04,12213378
270.2916,271.2957,270.043,270.6594,SPY,2018-12-04T14:00:00-05:00,2018-12-04,9031496
270.7192,271.763,270.3015,270.3015,SPY,2018-12-04T14:30:00-05:00,2018-12-04,7696420
269.1781,270.7489,269.029,270.729,SPY,2018-12-04T15:00:00-05:00,2018-12-04,11100843
268.9196,269.8044,268.333,269.1682,SPY,2018-12-04T15:30:00-05:00,2018-12-04,29539056
263.5311,265.599,263.0837,264.3762,SPY,2018-12-06T09:30:00-05:00,2018-12-06,18601904
264.3065,264.5849,263.2129,263.5311,SPY,2018-12-06T10:00:00-05:00,2018-12-06,13364129
262.7357,264.5451,262.5269,264.3165,SPY,2018-12-06T10:30:00-05:00,2018-12-06,9790755
261.2444,263.0439,260.9164,262.7258,SPY,2018-12-06T11:00:00-05:00,2018-12-06,11529225
263.3322,263.4814,261.145,261.2345,SPY,2018-12-06T11:30:00-05:00,2018-12-06,13304375
264.6943,264.8136,262.855,263.3223,SPY,2018-12-06T12:00:00-05:00,2018-12-06,11426609
265.1019,265.5393,264.1972,264.6943,SPY,2018-12-06T12:30:00-05:00,2018-12-06,9376026
263.7896,265.1019,263.6205,265.092,SPY,2018-12-06T13:00:00-05:00,2018-12-06,6157389
265.6487,265.6885,263.2129,263.7896,SPY,2018-12-06T13:30:00-05:00,2018-12-06,8069913
265.1118,266.0852,264.0282,265.6089,SPY,2018-12-06T14:00:00-05:00,2018-12-06,9186266
265.4796,265.6586,263.6504,265.1118,SPY,2018-12-06T14:30:00-05:00,2018-12-06,9919896
265.947,266.2552,265.0025,265.4797,SPY,2018-12-06T15:00:00-05:00,2018-12-06,11663453
268.3629,268.4026,265.8078,265.947,SPY,2018-12-06T15:30:00-05:00,2018-12-06,26185432
268.7903,269.6454,267.6868,267.8956,SPY,2018-12-07T09:30:00-05:00,2018-12-07,9401770
266.7058,269.1383,266.0265,268.8003,SPY,2018-12-07T10:00:00-05:00,2018-12-07,11085630
266.6826,266.8914,265.4698,266.7125,SPY,2018-12-07T10:30:00-05:00,2018-12-07,7976451
264.488,266.9511,263.9884,266.6876,SPY,2018-12-07T11:00:00-05:00,2018-12-07,10249184
263.8293,265.4548,263.8094,264.4656,SPY,2018-12-07T11:30:00-05:00,2018-12-07,7695540
264.2469,264.8733,263.7299,263.8194,SPY,2018-12-07T12:00:00-05:00,2018-12-07,6389960
264.7241,265.0025,263.024,264.2419,SPY,2018-12-07T12:30:00-05:00,2018-12-07,7651412
264.227,265.3604,263.5808,264.7142,SPY,2018-12-07T13:00:00-05:00,2018-12-07,6199752
262.865,264.2867,262.8351,264.227,SPY,2018-12-07T13:30:00-05:00,2018-12-07,6152856
263.1334,263.5372,261.9304,262.865,SPY,2018-12-07T14:00:00-05:00,2018-12-07,9671782
261.6322,263.3223,261.4333,263.1433,SPY,2018-12-07T14:30:00-05:00,2018-12-07,7837658
262.4275,262.7258,261.1053,261.6322,SPY,2018-12-07T15:00:00-05:00,2018-12-07,12139026
262.1193,263.9188,261.9006,262.435,SPY,2018-12-07T15:30:00-05:00,2018-12-07,25227666
260.1508,262.6761,259.7531,261.8409,SPY,2018-12-10T09:30:00-05:00,2018-12-10,14180192
260.8269,261.7316,259.8078,260.1409,SPY,2018-12-10T10:00:00-05:00,2018-12-10,10930791
258.9801,261.2146,258.6297,260.8269,SPY,2018-12-10T10:30:00-05:00,2018-12-10,12420740
258.1525,259.0771,257.1185,258.9777,SPY,2018-12-10T11:00:00-05:00,2018-12-10,16658302
258.749,259.7531,257.8542,258.1425,SPY,2018-12-10T11:30:00-05:00,2018-12-10,10497775
258.4756,259.4151,258.1077,258.739,SPY,2018-12-10T12:00:00-05:00,2018-12-10,7115026
260.7672,261.2544,258.4607,258.4706,SPY,2018-12-10T12:30:00-05:00,2018-12-10,10069695
260.4193,261.4433,260.3114,260.7672,SPY,2018-12-10T13:00:00-05:00,2018-12-10,7192501
261.4943,262.0894,260.3298,260.4193,SPY,2018-12-10T13:30:00-05:00,2018-12-10,6109148
261.6222,261.9702,260.807,261.5029,SPY,2018-12-10T14:00:00-05:00,2018-12-10,6473978
261.7713,262.865,261.5626,261.6222,SPY,2018-12-10T14:30:00-05:00,2018-12-10,7631897
262.1591,262.1591,261.1848,261.7713,SPY,2018-12-10T15:00:00-05:00,2018-12-10,6027997
262.5468,263.6218,262.1392,262.1392,SPY,2018-12-10T15:30:00-05:00,2018-12-10,15193684
265.5592,266.3148,265.3405,266.106,SPY,2018-12-11T09:30:00-05:00,2018-12-11,11880184
266.0066,266.285,264.9926,265.5592,SPY,2018-12-11T10:00:00-05:00,2018-12-11,7645030
264.8733,266.1955,264.4557,266.0066,SPY,2018-12-11T10:30:00-05:00,2018-12-11,6276773
264.0679,264.9528,263.8393,264.8633,SPY,2018-12-11T11:00:00-05:00,2018-12-11,7524615
264.0787,264.3165,263.3123,264.0779,SPY,2018-12-11T11:30:00-05:00,2018-12-11,6606731
262.517,264.0878,262.0795,264.0878,SPY,2018-12-11T12:00:00-05:00,2018-12-11,9050289
262.6711,263.1931,262.2287,262.5468,SPY,2018-12-11T12:30:00-05:00,2018-12-11,5779509
262.5468,263.1732,262.2386,262.6661,SPY,2018-12-11T13:00:00-05:00,2018-12-11,4550410
261.1848,262.7357,260.9959,262.5468,SPY,2018-12-11T13:30:00-05:00,2018-12-11,6597369
263.0042,263.1235,260.9561,261.1849,SPY,2018-12-11T14:00:00-05:00,2018-12-11,6224118
263.4515,264.0878,262.9767,262.9942,SPY,2018-12-11T14:30:00-05:00,2018-12-11,7608167
263.889,264.8434,262.7953,263.4515,SPY,2018-12-11T15:00:00-05:00,2018-12-11,7627237
262.5568,264.6247,262.4673,263.8791,SPY,2018-12-11T15:30:00-05:00,2018-12-11,14003038
265.5294,266.1359,264.9229,265.9171,SPY,2018-12-12T09:30:00-05:00,2018-12-12,9009241
265.947,266.4938,265.1566,265.5294,SPY,2018-12-12T10:00:00-05:00,2018-12-12,7234018
266.5534,266.6826,265.2411,265.937,SPY,2018-12-12T10:30:00-05:00,2018-12-12,5168654
266.3944,266.9014,266.1856,266.5534,SPY,2018-12-12T11:00:00-05:00,2018-12-12,4336891
266.802,266.9213,265.947,266.4043,SPY,2018-12-12T11:30:00-05:00,2018-12-12,3614043
266.8417,267.0804,266.3148,266.8119,SPY,2018-12-12T12:00:00-05:00,2018-12-12,3695140
267.1003,267.2096,266.3148,266.8517,SPY,2018-12-12T12:30:00-05:00,2018-12-12,3108859
267.2305,267.3871,266.971,267.1003,SPY,2018-12-12T13:00:00-05:00,2018-12-12,2221374
266.6628,267.2691,266.3645,267.2394,SPY,2018-12-12T13:30:00-05:00,2018-12-12,3024288
265.1815,266.7026,264.913,266.6429,SPY,2018-12-12T14:00:00-05:00,2018-12-12,6661846
265.261,265.4698,264.3861,265.1715,SPY,2018-12-12T14:30:00-05:00,2018-12-12,7924860
264.8733,267.4383,264.7838,265.266,SPY,2018-12-12T15:00:00-05:00,2018-12-12,6427748
263.9685,265.7382,263.8293,264.8733,SPY,2018-12-12T15:30:00-05:00,2018-12-12,14050544
264.2171,265.7282,264.1276,264.9727,SPY,2018-12-13T09:30:00-05:00,2018-12-13,7902167
264.7937,265.937,264.1972,264.2171,SPY,2018-12-13T10:00:00-05:00,2018-12-13,6205135
264.2668,265.1317,263.4515,264.7937,SPY,2018-12-13T10:30:00-05:00,2018-12-13,7262557
264.0481,264.5451,263.4615,264.2568,SPY,2018-12-13T11:00:00-05:00,2018-12-13,4724523
263.7399,264.9627,263.7399,264.0605,SPY,2018-12-13T11:30:00-05:00,2018-12-13,4330242
263.203,263.8691,263.0141,263.7299,SPY,2018-12-13T12:00:00-05:00,2018-12-13,5369691
263.5398,264.0381,263.1433,263.203,SPY,2018-12-13T12:30:00-05:00,2018-12-13,3994044
263.2527,263.6007,262.7457,263.5311,SPY,2018-12-13T13:00:00-05:00,2018-12-13,3803971
263.382,264.3662,263.1831,263.2726,SPY,2018-12-13T13:30:00-05:00,2018-12-13,4015712
263.1533,263.5013,262.5965,263.382,SPY,2018-12-13T14:00:00-05:00,2018-12-13,4752170
263.4317,263.6902,262.5866,263.1235,SPY,2018-12-13T14:30:00-05:00,2018-12-13,3964719
263.5211,263.9486,263.0042,263.4515,SPY,2018-12-13T15:00:00-05:00,2018-12-13,4309184
263.8293,264.4955,263.2527,263.5013,SPY,2018-12-13T15:30:00-05:00,2018-12-13,11969948
262.1293,262.3082,261.0456,261.4333,SPY,2018-12-14T09:30:00-05:00,2018-12-14,9529608
261.5327,262.4971,261.5129,262.1208,SPY,2018-12-14T10:00:00-05:00,2018-12-14,5199382
261.5029,262.179,260.8666,261.5278,SPY,2018-12-14T10:30:00-05:00,2018-12-14,6729265
260.7175,262.0,260.5087,261.5129,SPY,2018-12-14T11:00:00-05:00,2018-12-14,6471208
259.7066,261.2842,259.5344,260.7274,SPY,2018-12-14T11:30:00-05:00,2018-12-14,8126523
260.4093,260.5087,259.6512,259.7134,SPY,2018-12-14T12:00:00-05:00,2018-12-14,6197467
260.2204,260.8766,260.0414,260.3995,SPY,2018-12-14T12:30:00-05:00,2018-12-14,3943724
260.0514,260.7274,259.8426,260.2105,SPY,2018-12-14T13:00:00-05:00,2018-12-14,3755517
259.5941,260.1111,259.3256,260.0514,SPY,2018-12-14T13:30:00-05:00,2018-12-14,5130025
259.8029,260.0713,259.3356,259.5941,SPY,2018-12-14T14:00:00-05:00,2018-12-14,4458597
259.225,259.8725,258.4905,259.8128,SPY,2018-12-14T14:30:00-05:00,2018-12-14,8558657
259.0477,259.8525,258.918,259.2212,SPY,2018-12-14T15:00:00-05:00,2018-12-14,7039647
258.9777,259.2958,258.3414,259.0472,SPY,2018-12-14T15:30:00-05:00,2018-12-14,18385594
256.9496,257.9835,255.7475,257.894,SPY,2018-12-17T09:30:00-05:00,2018-12-17,11729887
257.3571,257.7647,256.5036,256.9396,SPY,2018-12-17T10:00:00-05:00,2018-12-17,7264482
258.0431,258.2917,256.6811,257.3472,SPY,2018-12-17T10:30:00-05:00,2018-12-17,7073111
258.4607,259.1367,257.9338,258.0531,SPY,2018-12-17T11:00:00-05:00,2018-12-17,5930330
258.837,258.8767,257.894,258.4507,SPY,2018-12-17T11:30:00-05:00,2018-12-17,4999487
257.9836,259.1268,257.8642,258.8385,SPY,2018-12-17T12:00:00-05:00,2018-12-17,4764911
256.174,257.9835,256.1541,257.9835,SPY,2018-12-17T12:30:00-05:00,2018-12-17,6617476
255.9454,256.6413,255.5874,256.1641,SPY,2018-12-17T13:00:00-05:00,2018-12-17,6246669
254.9015,256.3232,254.8418,255.9603,SPY,2018-12-17T13:30:00-05:00,2018-12-17,8522518
254.5137,255.2693,254.2851,254.8816,SPY,2018-12-17T14:00:00-05:00,2018-12-17,10440524
254.3845,255.3091,254.0862,254.5237,SPY,2018-12-17T14:30:00-05:00,2018-12-17,8424462
253.2014,254.7248,252.923,254.3944,SPY,2018-12-17T15:00:00-05:00,2018-12-17,12776736
253.788,253.8973,252.0531,253.2014,SPY,2018-12-17T15:30:00-05:00,2018-12-17,29527450
256.317,256.4524,255.2892,255.7068,SPY,2018-12-18T09:30:00-05:00,2018-12-18,9337826
255.9503,256.353,255.3986,256.2834,SPY,2018-12-18T10:00:00-05:00,2018-12-18,6504055
255.1202,256.2933,254.8021,255.9553,SPY,2018-12-18T10:30:00-05:00,2018-12-18,8008919
254.5634,255.5079,254.1658,255.1301,SPY,2018-12-18T11:00:00-05:00,2018-12-18,6732642
254.8915,255.4085,254.5436,254.5634,SPY,2018-12-18T11:30:00-05:00,2018-12-18,6230821
255.8211,256.3033,254.8518,254.8965,SPY,2018-12-18T12:00:00-05:00,2018-12-18,6245080
255.8459,256.0845,255.498,255.8261,SPY,2018-12-18T12:30:00-05:00,2018-12-18,3352365
255.2693,256.0349,255.1003,255.836,SPY,2018-12-18T13:00:00-05:00,2018-12-18,4067850
254.4143,255.2794,254.1161,255.2594,SPY,2018-12-18T13:30:00-05:00,2018-12-18,4625387
254.6529,255.1898,254.2851,254.4143,SPY,2018-12-18T14:00:00-05:00,2018-12-18,6245604
252.3364,254.6828,252.3166,254.6529,SPY,2018-12-18T14:30:00-05:00,2018-12-18,10077568
252.7043,253.2809,251.8095,252.3364,SPY,2018-12-18T15:00:00-05:00,2018-12-18,12466175
253.6587,255.0208,252.7242,252.764,SPY,2018-12-18T15:30:00-05:00,2018-12-18,17928898
255.4185,255.9255,253.4698,253.6886,SPY,2018-12-19T09:30:00-05:00,2018-12-19,9429337
255.8957,256.0647,255.3787,255.4185,SPY,2018-12-19T10:00:00-05:00,2018-12-19,6414049
256.1442,256.2536,255.6073,255.8957,SPY,2018-12-19T10:30:00-05:00,2018-12-19,5491872
255.4682,256.1939,255.0605,256.1343,SPY,2018-12-19T11:00:00-05:00,2018-12-19,5029118
256.1119,256.184,255.0605,255.4582,SPY,2018-12-19T11:30:00-05:00,2018-12-19,4417526
256.6115,256.8799,256.0249,256.1045,SPY,2018-12-19T12:00:00-05:00,2018-12-19,4736175
256.1442,256.8203,256.1144,256.6181,SPY,2018-12-19T12:30:00-05:00,2018-12-19,3222949
255.6471,256.1939,255.2693,256.1442,SPY,2018-12-19T13:00:00-05:00,2018-12-19,4488546
257.3671,257.6156,255.498,255.6471,SPY,2018-12-19T13:30:00-05:00,2018-12-19,5553011
254.8319,257.894,252.4061,257.3671,SPY,2018-12-19T14:00:00-05:00,2018-12-19,28986432
250.7756,255.6471,250.0896,254.8219,SPY,2018-12-19T14:30:00-05:00,2018-12-19,27145494
249.1748,250.8054,247.9023,250.7756,SPY,2018-12-19T15:00:00-05:00,2018-12-19,38976400
249.7814,250.527,248.6182,249.1749,SPY,2018-12-19T15:30:00-05:00,2018-12-19,29530076
248.9562,249.3737,247.445,248.4094,SPY,2018-12-20T09:30:00-05:00,2018-12-20,19594996
248.8468,250.1592,248.4293,248.9562,SPY,2018-12-20T10:00:00-05:00,2018-12-20,12997136
249.1351,250.0896,248.5983,248.8369,SPY,2018-12-20T10:30:00-05:00,2018-12-20,9757717
247.5345,249.2644,247.1169,249.1252,SPY,2018-12-20T11:00:00-05:00,2018-12-20,9914081
246.2222,247.8327,245.3547,247.5395,SPY,2018-12-20T11:30:00-05:00,2018-12-20,15937785
247.5842,247.6538,245.4765,246.2222,SPY,2018-12-20T12:00:00-05:00,2018-12-20,13374372
246.8648,247.783,245.9836,247.5843,SPY,2018-12-20T12:30:00-05:00,2018-12-20,9381664
246.247,246.928,245.6157,246.8684,SPY,2018-12-20T13:00:00-05:00,2018-12-20,7621978
245.3473,246.3912,245.1981,246.2371,SPY,2018-12-20T13:30:00-05:00,2018-12-20,7992457
245.6057,245.6952,243.2296,245.3522,SPY,2018-12-20T14:00:00-05:00,2018-12-20,20000968
246.4806,248.0217,245.2578,245.6057,SPY,2018-12-20T14:30:00-05:00,2018-12-20,19863270
246.3675,247.6538,245.0192,246.4806,SPY,2018-12-20T15:00:00-05:00,2018-12-20,15956669
245.8046,247.3058,244.701,246.3613,SPY,2018-12-20T15:30:00-05:00,2018-12-20,31638950
246.77,247.35,246.1,246.74,SPY,2018-12-21T09:30:00-05:00,2018-12-21,18779132
248.48,249.71,246.01,246.8,SPY,2018-12-21T10:00:00-05:00,2018-12-21,18038424
247.2,248.67,246.99,248.48,SPY,2018-12-21T10:30:00-05:00,2018-12-21,10698626
246.84,247.23,245.02,247.21,SPY,2018-12-21T11:00:00-05:00,2018-12-21,11513332
245.28,247.005,245.08,246.84,SPY,2018-12-21T11:30:00-05:00,2018-12-21,9116856
243.53,245.58,243.37,245.28,SPY,2018-12-21T12:00:00-05:00,2018-12-21,13535687
243.6,245.13,242.57,243.53,SPY,2018-12-21T12:30:00-05:00,2018-12-21,13278036
243.88,244.44,243.067,243.61,SPY,2018-12-21T13:00:00-05:00,2018-12-21,8511610
243.62,244.86,243.27,243.88,SPY,2018-12-21T13:30:00-05:00,2018-12-21,7937843
243.34,244.13,242.68,243.62,SPY,2018-12-21T14:00:00-05:00,2018-12-21,8134129
243.0,243.78,242.43,243.35,SPY,2018-12-21T14:30:00-05:00,2018-12-21,8625349
240.76,243.42,240.75,242.99,SPY,2018-12-21T15:00:00-05:00,2018-12-21,13909456
240.69,241.6,239.98,240.76,SPY,2018-12-21T15:30:00-05:00,2018-12-21,34015296
237.3785,240.0,236.57,239.04,SPY,2018-12-24T09:30:00-05:00,2018-12-24,19552576
237.6634,238.0,235.9,237.37,SPY,2018-12-24T10:00:00-05:00,2018-12-24,16286519
238.6175,240.29,237.67,237.67,SPY,2018-12-24T10:30:00-05:00,2018-12-24,14891269
236.97,239.16,236.671,238.63,SPY,2018-12-24T11:00:00-05:00,2018-12-24,11462090
236.36,237.74,236.02,236.96,SPY,2018-12-24T11:30:00-05:00,2018-12-24,10560545
236.205,237.11,235.4811,236.36,SPY,2018-12-24T12:00:00-05:00,2018-12-24,12383540
234.45,236.74,234.31,236.21,SPY,2018-12-24T12:30:00-05:00,2018-12-24,19307464
234.34,234.48,234.27,234.4,SPY,2018-12-24T13:00:00-05:00,2018-12-24,1298641
234.34,234.34,234.34,234.34,SPY,2018-12-24T15:30:00-05:00,2018-12-24,0
235.59,237.83,235.55,235.97,SPY,2018-12-26T09:30:00-05:00,2018-12-26,15386326
235.15,235.95,234.06,235.59,SPY,2018-12-26T10:00:00-05:00,2018-12-26,13904730
234.1,235.56,233.76,235.145,SPY,2018-12-26T10:30:00-05:00,2018-12-26,9056074
236.51,236.7,234.06,234.11,SPY,2018-12-26T11:00:00-05:00,2018-12-26,9093891
238.32,238.38,236.13,236.5,SPY,2018-12-26T11:30:00-05:00,2018-12-26,9771562
239.05,240.21,238.21,238.32,SPY,2018-12-26T12:00:00-05:00,2018-12-26,10965068
240.3566,240.63,238.8,239.05,SPY,2018-12-26T12:30:00-05:00,2018-12-26,7065374
239.25,240.59,238.53,240.36,SPY,2018-12-26T13:00:00-05:00,2018-12-26,7739327
241.2721,241.305,239.19,239.24,SPY,2018-12-26T13:30:00-05:00,2018-12-26,8862093
240.16,241.39,239.84,241.28,SPY,2018-12-26T14:00:00-05:00,2018-12-26,7733068
241.43,241.48,240.15,240.1575,SPY,2018-12-26T14:30:00-05:00,2018-12-26,6228019
242.6,242.72,241.06,241.38,SPY,2018-12-26T15:00:00-05:00,2018-12-26,8811163
245.95,246.0,242.41,242.61,SPY,2018-12-26T15:30:00-05:00,2018-12-26,33726800
241.9954,243.81,241.16,242.57,SPY,2018-12-27T09:30:00-05:00,2018-12-27,16538004
240.9885,242.98,240.62,241.97,SPY,2018-12-27T10:00:00-05:00,2018-12-27,12938886
241.64,242.91,240.48,240.99,SPY,2018-12-27T10:30:00-05:00,2018-12-27,11233587
242.94,243.19,241.03,241.63,SPY,2018-12-27T11:00:00-05:00,2018-12-27,6483004
242.55,243.63,241.8,242.93,SPY,2018-12-27T11:30:00-05:00,2018-12-27,7308222
241.2,242.6,240.82,242.55,SPY,2018-12-27T12:00:00-05:00,2018-12-27,6196433
241.7,241.8399,240.81,241.2,SPY,2018-12-27T12:30:00-05:00,2018-12-27,5041709
241.05,242.07,241.0,241.68,SPY,2018-12-27T13:00:00-05:00,2018-12-27,4306636
239.99,241.38,239.57,241.041,SPY,2018-12-27T13:30:00-05:00,2018-12-27,7998111
239.85,240.28,238.96,239.9936,SPY,2018-12-27T14:00:00-05:00,2018-12-27,8897663
242.07,242.19,239.31,239.83,SPY,2018-12-27T14:30:00-05:00,2018-12-27,9175814
244.76,244.97,241.08,242.065,SPY,2018-12-27T15:00:00-05:00,2018-12-27,12546967
248.17,248.2,244.02,244.76,SPY,2018-12-27T15:30:00-05:00,2018-12-27,32686944
249.46,250.11,248.31,249.58,SPY,2018-12-28T09:30:00-05:00,2018-12-28,14056490
247.63,249.72,247.46,249.47,SPY,2018-12-28T10:00:00-05:00,2018-12-28,9239947
247.55,248.47,246.45,247.62,SPY,2018-12-28T10:30:00-05:00,2018-12-28,8528968
248.0582,248.53,247.05,247.56,SPY,2018-12-28T11:00:00-05:00,2018-12-28,6506398
248.55,249.02,247.7289,248.07,SPY,2018-12-28T11:30:00-05:00,2018-12-28,5325871
248.7166,249.32,248.1,248.55,SPY,2018-12-28T12:00:00-05:00,2018-12-28,5033170
248.17,249.32,248.04,248.71,SPY,2018-12-28T12:30:00-05:00,2018-12-28,4440528
247.85,248.87,247.61,248.18,SPY,2018-12-28T13:00:00-05:00,2018-12-28,4442884
248.57,249.0,247.37,247.83,SPY,2018-12-28T13:30:00-05:00,2018-12-28,4753575
249.5,250.45,248.575,248.58,SPY,2018-12-28T14:00:00-05:00,2018-12-28,8877814
251.04,251.4,249.4,249.495,SPY,2018-12-28T14:30:00-05:00,2018-12-28,10538229
247.92,251.255,247.38,251.06,SPY,2018-12-28T15:00:00-05:00,2018-12-28,14267410
247.81,248.25,246.9,247.93,SPY,2018-12-28T15:30:00-05:00,2018-12-28,20108180
249.39,250.16,249.12,249.56,SPY,2018-12-31T09:30:00-05:00,2018-12-31,7747901
249.11,249.91,248.87,249.4,SPY,2018-12-31T10:00:00-05:00,2018-12-31,5615507
248.38,249.1998,248.12,249.1,SPY,2018-12-31T10:30:00-05:00,2018-12-31,5436653
248.45,248.71,247.74,248.39,SPY,2018-12-31T11:00:00-05:00,2018-12-31,5244851
248.72,248.805,247.47,248.4501,SPY,2018-12-31T11:30:00-05:00,2018-12-31,5876531
248.97,249.0,248.26,248.73,SPY,2018-12-31T12:00:00-05:00,2018-12-31,3862122
249.36,249.44,248.86,248.9775,SPY,2018-12-31T12:30:00-05:00,2018-12-31,4204886
250.09,250.09,249.24,249.36,SPY,2018-12-31T13:00:00-05:00,2018-12-31,4551325
248.96,250.12,248.89,250.09,SPY,2018-12-31T13:30:00-05:00,2018-12-31,4673056
248.2,249.23,248.08,248.9415,SPY,2018-12-31T14:00:00-05:00,2018-12-31,6572787
248.7,249.38,247.87,248.16,SPY,2018-12-31T14:30:00-05:00,2018-12-31,6233318
248.83,249.32,248.4,248.7,SPY,2018-12-31T15:00:00-05:00,2018-12-31,7096144
250.12,250.12,248.06,248.83,SPY,2018-12-31T15:30:00-05:00,2018-12-31,21496834
247.18,247.4,245.95,245.98,SPY,2019-01-02T09:30:00-05:00,2019-01-02,9957717
247.81,248.7,246.615,247.18,SPY,2019-01-02T10:00:00-05:00,2019-01-02,8260217
248.86,249.17,247.39,247.82,SPY,2019-01-02T10:30:00-05:00,2019-01-02,6196455
249.52,250.46,248.59,248.87,SPY,2019-01-02T11:00:00-05:00,2019-01-02,7403748
248.89,250.07,248.85,249.53,SPY,2019-01-02T11:30:00-05:00,2019-01-02,6080597
249.005,249.34,248.68,248.9,SPY,2019-01-02T12:00:00-05:00,2019-01-02,4807745
250.16,250.33,248.93,249.0,SPY,2019-01-02T12:30:00-05:00,2019-01-02,4368059
250.81,251.06,250.15,250.15,SPY,2019-01-02T13:00:00-05:00,2019-01-02,4342716
251.16,251.21,250.45,250.81,SPY,2019-01-02T13:30:00-05:00,2019-01-02,3294820
250.23,251.17,249.71,251.16,SPY,2019-01-02T14:00:00-05:00,2019-01-02,4361213
249.84,250.9,249.83,250.24,SPY,2019-01-02T14:30:00-05:00,2019-01-02,4348448
249.31,250.21,248.85,249.84,SPY,2019-01-02T15:00:00-05:00,2019-01-02,8076100
250.26,250.48,248.72,249.31,SPY,2019-01-02T15:30:00-05:00,2019-01-02,13786804
247.25,248.57,246.78,248.23,SPY,2019-01-03T09:30:00-05:00,2019-01-03,9415165
245.65,247.235,244.75,247.18,SPY,2019-01-03T10:00:00-05:00,2019-01-03,14280007
245.35,245.65,244.03,245.65,SPY,2019-01-03T10:30:00-05:00,2019-01-03,9060473
245.69,246.54,245.04,245.36,SPY,2019-01-03T11:00:00-05:00,2019-01-03,8742832
247.12,248.18,245.43,245.695,SPY,2019-01-03T11:30:00-05:00,2019-01-03,9594219
246.61,247.34,246.32,247.12,SPY,2019-01-03T12:00:00-05:00,2019-01-03,5105047
247.04,247.28,246.03,246.62,SPY,2019-01-03T12:30:00-05:00,2019-01-03,3907948
245.71,247.05,244.79,247.03,SPY,2019-01-03T13:00:00-05:00,2019-01-03,6244053
245.21,246.4285,244.93,245.71,SPY,2019-01-03T13:30:00-05:00,2019-01-03,3911330
246.28,246.35,244.99,245.2,SPY,2019-01-03T14:00:00-05:00,2019-01-03,4193084
244.9,246.65,244.54,246.3,SPY,2019-01-03T14:30:00-05:00,2019-01-03,5086686
244.62,245.08,244.2,244.9,SPY,2019-01-03T15:00:00-05:00,2019-01-03,6376103
244.13,245.43,243.67,244.62,SPY,2019-01-03T15:30:00-05:00,2019-01-03,19262580
249.115,249.16,247.17,247.59,SPY,2019-01-04T09:30:00-05:00,2019-01-04,12166009
250.96,250.97,248.02,249.125,SPY,2019-01-04T10:00:00-05:00,2019-01-04,14338307
251.03,251.35,250.1,250.96,SPY,2019-01-04T10:30:00-05:00,2019-01-04,10310462
250.59,251.86,250.34,251.03,SPY,2019-01-04T11:00:00-05:00,2019-01-04,7677426
251.2,251.55,250.25,250.58,SPY,2019-01-04T11:30:00-05:00,2019-01-04,4932298
251.89,252.12,250.61,251.18,SPY,2019-01-04T12:00:00-05:00,2019-01-04,4503080
252.42,252.72,251.6,251.87,SPY,2019-01-04T12:30:00-05:00,2019-01-04,4310832
252.6,253.11,252.425,252.43,SPY,2019-01-04T13:00:00-05:00,2019-01-04,5303316
252.16,252.99,251.75,252.6,SPY,2019-01-04T13:30:00-05:00,2019-01-04,5447646
252.39,252.5,251.5,252.16,SPY,2019-01-04T14:00:00-05:00,2019-01-04,4906059
251.65,252.79,251.56,252.39,SPY,2019-01-04T14:30:00-05:00,2019-01-04,6049206
251.78,252.58,251.47,251.655,SPY,2019-01-04T15:00:00-05:00,2019-01-04,7227972
252.47,252.65,251.62,251.78,SPY,2019-01-04T15:30:00-05:00,2019-01-04,16377238
